
delete from kategorie;
insert into kategorie (idkategorii,nazwa) values (1,'Bluzy');
insert into kategorie (idkategorii,nazwa) values (2,'Sukienki');
insert into kategorie (idkategorii,nazwa) values (3,'Spodnie');
delete from kolory;
insert into kolory (idkoloru,kolor) values (1,'Żółty');
insert into kolory (idkoloru,kolor) values (2,'Niebieski');
insert into kolory (idkoloru,kolor) values (3,'Różowy');
delete from marki;
insert into marki (idmarki,nazwa) values (1,'H&M');
insert into marki (idmarki,nazwa) values (2,'Cropp');
insert into marki (idmarki,nazwa) values (3,'Etam');
delete from rabaty;
insert into rabaty (idrabatu,wartosc) values (1,0);
insert into rabaty (idrabatu,wartosc) values (2,30);
insert into rabaty (idrabatu,wartosc) values (3,50);
delete from rozmiary;
insert into rozmiary (idrozmiaru,nazwa) values (1,'38');
insert into rozmiary (idrozmiaru,nazwa) values (2,'XL');
insert into rozmiary (idrozmiaru,nazwa) values (3,'M');
delete from towary;
insert into towary (idtowaru,ilosc,nazwa,idkategorii,idkoloru,idmarki,idrabatu,idrozmiaru,idtypu) values (1,5,'Super',1,2,3,1,2,3);
insert into towary (idtowaru,ilosc,nazwa,idkategorii,idkoloru,idmarki,idrabatu,idrozmiaru,idtypu) values (2,3,'Cośtam',1,1,1,2,2,2);
insert into towary (idtowaru,ilosc,nazwa,idkategorii,idkoloru,idmarki,idrabatu,idrozmiaru,idtypu) values (3,60,'Qweasd',3,2,2,4,1,1);
delete from typy;
insert into typy (idtypu,nazwa) values (1,'Slim');
insert into typy (idtypu,nazwa) values (2,'Regular');
insert into typy (idtypu,nazwa) values (3,'Inny');
delete from uzytkownicy;
insert into uzytkownicy (iduzytkownika,adres,haslo,imie,login,nazwisko) values (1,'Narutowicza 2','password','Magda','user','Kowalska');
insert into uzytkownicy (iduzytkownika,adres,haslo,imie,login,nazwisko) values (2,'Głęboka 32','asd','Jan','johny','Nowak');
delete from zamowienia;
insert into zamowienia (idzamowienia,idtowaru,iduzytkownika) values (1,1,1);
insert into zamowienia (idzamowienia,idtowaru,iduzytkownika) values (2,2,1);
insert into zamowienia (idzamowienia,idtowaru,iduzytkownika) values (3,3,2);
insert into zamowienia (idzamowienia,idtowaru,iduzytkownika) values (4,3,2);